Season_Year,AvgTemp_Mean,AvgTemp_Min,AvgTemp_Max,AvgTemp_Std,Prcp_Sum,Prcp_Mean,Pressure_Mean,WindSpeed_Mean,Spring_Arrival
2016,45.390661157024795,17.42,67.28,10.356749146936119,41.9,0.34628099173553717,1018.5028925619836,9.767768595041323,0
2017,41.22314049586777,15.62,69.44,11.019176620257507,69.65,0.5756198347107438,1020.6752066115703,9.356198347107437,1
2018,42.2897520661157,20.12,68.72,9.220626195547489,301.0,2.487603305785124,1019.9578512396694,8.10909090909091,0
2019,46.39704918032787,28.76,73.22,9.197789771203038,136.25,1.1168032786885247,1019.0971311475411,8.440983606557376,0
2020,42.85355371900826,28.04,71.78,8.674451458113849,239.2,1.9768595041322312,1018.7595041322313,8.567355371900828,0
2021,44.58512396694215,23.0,68.9,11.38584985231687,232.79999999999998,1.9239669421487602,1018.6809917355372,9.360330578512396,0
2022,46.02512396694215,16.16,66.38,9.144832248844375,241.9,1.9991735537190083,1017.9644628099173,8.730578512396695,0
2023,46.21114754098361,23.36,69.08,8.81466585920628,373.0,3.057377049180328,1017.2704918032787,7.538524590163934,0
2024,37.255625,16.34,56.3,9.229912106840455,263.7,2.7468749999999997,1019.6291666666666,8.579166666666667,0
